Sitio Web,Fecha,Hora
www.inicio.com,12/11/2024,17:24
www.sobreNosotros.com,12/11/2024,17:24
www.contacto.com,12/11/2024,17:24
www.inicio.com,12/11/2024,17:25
www.contacto.com,12/11/2024,17:25
www.inicio.com,12/11/2024,17:25
www.inicio.com,12/11/2024,18:37
www.inicio.com,12/11/2024,18:55
www.inicio.com,12/11/2024,18:58
www.inicio.com,12/11/2024,19:29
www.inicio.com,12/11/2024,19:30
www.inicio.com,12/11/2024,19:30
www.inicio.com,12/11/2024,19:30
www.inicio.com,12/11/2024,19:30
www.sobreNosotros.com,12/11/2024,19:32
www.contacto.com,12/11/2024,19:33
www.inicio.com,12/11/2024,19:37
